Truck_ID,Vehicle_No,Vehicle_Type,Supervisor,Mode,Customer_Name,Ownership,Purchase_Date,EMI_Monthly,Insurance_Monthly,Road_Tax_Monthly,Tyre_Cost_per_KM,Maintenance_Cost_per_KM,,,,,,,,,,,,,,,
1,KA01AD8541,MXL,SADDAM,Dedicated,Britannia,,,,,,,,,,,,,,,,,,,,,,
2,KA01AE3341,MXL,SADDAM,Dedicated,Britannia,,,,,,,,,,,,,,,,,,,,,,
3,KA01AE3347,MXL,SADDAM,Dedicated,Britannia,,,,,,,,,,,,,,,,,,,,,,
4,KA01AN8185,MXL,SADDAM,Line,Britannia,,,,,,,,,,,,,,,,,,,,,,
5,KA51AA2798,MXL,SADDAM,Line,Britannia,,,,,,,,,,,,,,,,,,,,,,
6,KA51AA4977,MXL,SADDAM,Line,Britannia,,,,,,,,,,,,,,,,,,,,,,
7,KA51AB0435,MXL,SADDAM,Line,Britannia,,,,,,,,,,,,,,,,,,,,,,
8,KA51AB0436,MXL,SADDAM,Line,Britannia,,,,,,,,,,,,,,,,,,,,,,
9,KA51AB0437,MXL,SADDAM,Line,Britannia,,,,,,,,,,,,,,,,,,,,,,
10,KA51AB0438,MXL,SADDAM,Line,Britannia,,,,,,,,,,,,,,,,,,,,,,
11,KA51AB0440,MXL,SADDAM,Line,Britannia,,,,,,,,,,,,,,,,,,,,,,
12,KA51AB0443,MXL,SADDAM,Line,Britannia,,,,,,,,,,,,,,,,,,,,,,
13,KA51AJ0971,MXL,SADDAM,Line,Britannia,,,,,,,,,,,,,,,,,,,,,,
14,KA51AJ4202,MXL,SADDAM,Line,Britannia,,,,,,,,,,,,,,,,,,,,,,
15,KA51AK6573,MXL,SADDAM,Line,Britannia,,,,,,,,,,,,,,,,,,,,,,
16,KA51AK6575,MXL,SADDAM,Line,Britannia,,,,,,,,,,,,,,,,,,,,,,
17,KA51AK6576,MXL,SADDAM,Line,Britannia,,,,,,,,,,,,,,,,,,,,,,
18,KA51B1141,MXL,SADDAM,Line,Britannia,,,,,,,,,,,,,,,,,,,,,,
19,KA51B1880,MXL,SADDAM,Dedicated,Britannia,,,,,,,,,,,,,,,,,,,,,,
20,KA51B3052,MXL,SADDAM,Dedicated,Britannia,,,,,,,,,,,,,,,,,,,,,,
21,KA51B3175,MXL,SADDAM,Dedicated,Britannia,,,,,,,,,,,,,,,,,,,,,,
22,KA51B5351,MXL,SADDAM,Dedicated,Britannia,,,,,,,,,,,,,,,,,,,,,,
23,KA51B7596,MXL,SADDAM,Dedicated,Britannia,,,,,,,,,,,,,,,,,,,,,,
24,KA51C6587,MXL,SADDAM,Dedicated,Britannia,,,,,,,,,,,,,,,,,,,,,,
25,KA51C7233,MXL,SADDAM,Dedicated,Britannia,,,,,,,,,,,,,,,,,,,,,,
26,KA51C7234,MXL,SADDAM,Dedicated,Britannia,,,,,,,,,,,,,,,,,,,,,,
27,KA51C7239,MXL,SADDAM,Dedicated,Britannia,,,,,,,,,,,,,,,,,,,,,,
28,KA51C7240,MXL,SADDAM,Dedicated,Britannia,,,,,,,,,,,,,,,,,,,,,,
29,KA51C7241,MXL,SADDAM,Dedicated,Britannia,,,,,,,,,,,,,,,,,,,,,,
30,KA51C7242,MXL,SADDAM,Dedicated,Britannia,,,,,,,,,,,,,,,,,,,,,,
31,KA51D1017,MXL,SADDAM,Dedicated,Britannia,,,,,,,,,,,,,,,,,,,,,,
32,KA51D2607,MXL,SADDAM,Dedicated,Britannia,,,,,,,,,,,,,,,,,,,,,,
33,KA51D3945,MXL,SADDAM,Dedicated,Britannia,,,,,,,,,,,,,,,,,,,,,,
34,KA51D9724,MXL,SADDAM,Dedicated,Britannia,,,,,,,,,,,,,,,,,,,,,,
35,KA51D9734,MXL,SADDAM,Dedicated,Britannia,,,,,,,,,,,,,,,,,,,,,,
36,KA51D9738,MXL,SADDAM,Dedicated,Britannia,,,,,,,,,,,,,,,,,,,,,,
37,KA51D9740,MXL,SADDAM,Dedicated,Britannia,,,,,,,,,,,,,,,,,,,,,,
38,KA51D9741,MXL,SHARATH,Dedicated,MRF,,,,,,,,,,,,,,,,,,,,,,
39,KA59 5381,MXL,SADDAM,Dedicated,Britannia,,,,,,,,,,,,,,,,,,,,,,
40,KA59 5383,MXL,SADDAM,Dedicated,Britannia,,,,,,,,,,,,,,,,,,,,,,
41,KA59 5384,MXL,SADDAM,Dedicated,Britannia,,,,,,,,,,,,,,,,,,,,,,
42,KA59 5385,MXL,SADDAM,Dedicated,Britannia,,,,,,,,,,,,,,,,,,,,,,
43,KA59 5386,MXL,SADDAM,Dedicated,Britannia,,,,,,,,,,,,,,,,,,,,,,
44,KA59 6374,MXL,SADDAM,Line,Britannia,,,,,,,,,,,,,,,,,,,,,,
45,KA59 6375,MXL,SADDAM,Line,Britannia,,,,,,,,,,,,,,,,,,,,,,
46,KA59 6377,MXL,SADDAM,Line,Britannia,,,,,,,,,,,,,,,,,,,,,,
47,KA59 6378,MXL,SADDAM,Line,Britannia,,,,,,,,,,,,,,,,,,,,,,
48,KA59 6379,MXL,SADDAM,Line,Britannia,,,,,,,,,,,,,,,,,,,,,,
49,KA59 6384,MXL,SADDAM,Line,Britannia,,,,,,,,,,,,,,,,,,,,,,
50,KA59 6385,MXL,DEVI,Line,Britannia,,,,,,,,,,,,,,,,,,,,,,
51,KA59 6386,MXL,SADDAM,Line,Britannia,,,,,,,,,,,,,,,,,,,,,,
52,KA59 6387,MXL,SADDAM,Line,Britannia,,,,,,,,,,,,,,,,,,,,,,
53,KA59 6388,MXL,SADDAM,Line,Britannia,,,,,,,,,,,,,,,,,,,,,,
54,KA59 6389,MXL,SADDAM,Line,Britannia,,,,,,,,,,,,,,,,,,,,,,
55,KA59 6392,MXL,SADDAM,Line,Britannia,,,,,,,,,,,,,,,,,,,,,,
56,KA59 6393,MXL,SADDAM,Line,Britannia,,,,,,,,,,,,,,,,,,,,,,
57,KA59 7054,MXL,SADDAM,Line,Britannia,,,,,,,,,,,,,,,,,,,,,,
58,KA59 7055,MXL,SADDAM,Line,Britannia,,,,,,,,,,,,,,,,,,,,,,
59,KA59 7057,MXL,SADDAM,Line,Britannia,,,,,,,,,,,,,,,,,,,,,,
60,KA59 7058,MXL,SADDAM,Line,Britannia,,,,,,,,,,,,,,,,,,,,,,
61,KA59 7059,MXL,SADDAM,Line,Britannia,,,,,,,,,,,,,,,,,,,,,,
62,KA59 7060,MXL,SADDAM,Line,Britannia,,,,,,,,,,,,,,,,,,,,,,
63,KA59 7061,MXL,SADDAM,Line,Britannia,,,,,,,,,,,,,,,,,,,,,,
64,KA59 7062,MXL,SADDAM,Line,Britannia,,,,,,,,,,,,,,,,,,,,,,
65,KA59 7063,MXL,SADDAM,Line,Britannia,,,,,,,,,,,,,,,,,,,,,,
66,KA59 7064,MXL,SADDAM,Line,Britannia,,,,,,,,,,,,,,,,,,,,,,
67,KA59 7065,MXL,SADDAM,Line,Britannia,,,,,,,,,,,,,,,,,,,,,,
68,KA59 7066,MXL,SADDAM,Line,Britannia,,,,,,,,,,,,,,,,,,,,,,
69,KA59 8251,MXL,BIPLAP,Dedicated,HUL,,,,,,,,,,,,,,,,,,,,,,
70,KA59 8252,MXL,BIPLAP,Dedicated,HUL,,,,,,,,,,,,,,,,,,,,,,
71,KA59 8253,MXL,BIPLAP,Dedicated,HUL,,,,,,,,,,,,,,,,,,,,,,
72,KA59 8254,MXL,BIPLAP,Dedicated,HUL,,,,,,,,,,,,,,,,,,,,,,
73,KA59 8255,MXL,BIPLAP,Dedicated,HUL,,,,,,,,,,,,,,,,,,,,,,
74,KA59 8256,MXL,BIPLAP,Dedicated,HUL,,,,,,,,,,,,,,,,,,,,,,
75,KA59 8257,MXL,BIPLAP,Dedicated,HUL,,,,,,,,,,,,,,,,,,,,,,
76,KA59 8466,MXL,BIPLAP,Dedicated,HUL,,,,,,,,,,,,,,,,,,,,,,
77,KA59 8467,MXL,BIPLAP,Dedicated,HUL,,,,,,,,,,,,,,,,,,,,,,
78,KA59 8468,MXL,BIPLAP,Dedicated,HUL,,,,,,,,,,,,,,,,,,,,,,
79,KA59 8470,MXL,BIPLAP,Dedicated,HUL,,,,,,,,,,,,,,,,,,,,,,
80,KA59 8471,MXL,BIPLAP,Dedicated,HUL,,,,,,,,,,,,,,,,,,,,,,
81,KA59 8472,MXL,BIPLAP,Dedicated,HUL,,,,,,,,,,,,,,,,,,,,,,
82,KA59 8473,MXL,BIPLAP,Dedicated,HUL,,,,,,,,,,,,,,,,,,,,,,
83,KA59 8474,MXL,BIPLAP,Dedicated,HUL,,,,,,,,,,,,,,,,,,,,,,
84,KA59 8475,MXL,BIPLAP,Dedicated,HUL,,,,,,,,,,,,,,,,,,,,,,
85,KA59 8476,MXL,BIPLAP,Dedicated,HUL,,,,,,,,,,,,,,,,,,,,,,
86,KA59 8477,MXL,BIPLAP,Dedicated,HUL,,,,,,,,,,,,,,,,,,,,,,
87,KA59 8479,MXL,BIPLAP,Dedicated,HUL,,,,,,,,,,,,,,,,,,,,,,
88,KA59 8480,MXL,BIPLAP,Dedicated,HUL,,,,,,,,,,,,,,,,,,,,,,
89,KA59 8481,MXL,BIPLAP,Dedicated,HUL,,,,,,,,,,,,,,,,,,,,,,
90,KA59 8702,MXL,BIPLAP,Dedicated,HUL,,,,,,,,,,,,,,,,,,,,,,
91,KA59 8703,MXL,BIPLAP,Dedicated,HUL,,,,,,,,,,,,,,,,,,,,,,
92,KA59 8704,MXL,BIPLAP,Dedicated,HUL,,,,,,,,,,,,,,,,,,,,,,
93,KA59 8705,MXL,BIPLAP,Dedicated,HUL,,,,,,,,,,,,,,,,,,,,,,
94,KA59 8706,MXL,BIPLAP,Dedicated,HUL,,,,,,,,,,,,,,,,,,,,,,
95,KA59 8707,MXL,BIPLAP,Dedicated,HUL,,,,,,,,,,,,,,,,,,,,,,
96,KA59 8708,MXL,BIPLAP,Dedicated,HUL,,,,,,,,,,,,,,,,,,,,,,
97,KA59 8709,MXL,BIPLAP,Dedicated,HUL,,,,,,,,,,,,,,,,,,,,,,
98,KA59 8710,MXL,BIPLAP,Dedicated,HUL,,,,,,,,,,,,,,,,,,,,,,
99,KA59 8711,MXL,BIPLAP,Dedicated,HUL,,,,,,,,,,,,,,,,,,,,,,
100,KA59 8712,MXL,BIPLAP,Dedicated,HUL,,,,,,,,,,,,,,,,,,,,,,
101,KA59 8713,MXL,BIPLAP,Dedicated,HUL,,,,,,,,,,,,,,,,,,,,,,
102,KA59 8714,MXL,BIPLAP,Dedicated,HUL,,,,,,,,,,,,,,,,,,,,,,
103,KA59 8715,MXL,BIPLAP,Dedicated,HUL,,,,,,,,,,,,,,,,,,,,,,
104,KA59 8716,MXL,BIPLAP,Dedicated,HUL,,,,,,,,,,,,,,,,,,,,,,
105,KA59 8717,MXL,BIPLAP,Dedicated,HUL,,,,,,,,,,,,,,,,,,,,,,
106,KA59 8718,MXL,BIPLAP,Dedicated,HUL,,,,,,,,,,,,,,,,,,,,,,
107,KA59 8719,MXL,BIPLAP,Dedicated,HUL,,,,,,,,,,,,,,,,,,,,,,
108,KA59 8720,MXL,BIPLAP,Dedicated,HUL,,,,,,,,,,,,,,,,,,,,,,
109,KA51AA2797,MXL,DEVI,Line,Britannia,,,,,,,,,,,,,,,,,,,,,,
110,KA51AA2800,MXL,DEVI,Line,Britannia,,,,,,,,,,,,,,,,,,,,,,
111,KA51AA2801,MXL,DEVI,Dedicated,Britannia,,,,,,,,,,,,,,,,,,,,,,
112,KA51AA2802,MXL,DEVI,Line,Britannia,,,,,,,,,,,,,,,,,,,,,,
113,KA51AB0439,MXL,DEVI,Line,Britannia,,,,,,,,,,,,,,,,,,,,,,
114,KA51AB0441,MXL,DEVI,Line,Britannia,,,,,,,,,,,,,,,,,,,,,,
115,KA51AB0442,MXL,DEVI,Line,Britannia,,,,,,,,,,,,,,,,,,,,,,
116,KA51AB0444,MXL,DEVI,Line,Britannia,,,,,,,,,,,,,,,,,,,,,,
117,KA51AK6574,MXL,DEVI,Line,Britannia,,,,,,,,,,,,,,,,,,,,,,
118,KA51AK6577,MXL,DEVI,Line,Britannia,,,,,,,,,,,,,,,,,,,,,,
119,KA51AK6578,MXL,DEVI,Line,Britannia,,,,,,,,,,,,,,,,,,,,,,
120,KA51AK6580,MXL,DEVI,Line,Britannia,,,,,,,,,,,,,,,,,,,,,,
121,KA51AK6581,MXL,DEVI,Line,Britannia,,,,,,,,,,,,,,,,,,,,,,
122,KA51AK6582,MXL,DEVI,Line,Britannia,,,,,,,,,,,,,,,,,,,,,,
123,KA51C6585,MXL,DEVI,Dedicated,Britannia,,,,,,,,,,,,,,,,,,,,,,
124,KA51D3944,MXL,DEVI,Line,Britannia,,,,,,,,,,,,,,,,,,,,,,
125,KA51D3947,MXL,DEVI,Line,Britannia,,,,,,,,,,,,,,,,,,,,,,
126,KA51D9733,MXL,DEVI,Line,Britannia,,,,,,,,,,,,,,,,,,,,,,
127,KA51D9737,MXL,DEVI,Line,Britannia,,,,,,,,,,,,,,,,,,,,,,
128,KA51D9742,MXL,DEVI,Line,Britannia,,,,,,,,,,,,,,,,,,,,,,
129,KA59 5980,MXL,DEVI,Line,Britannia,,,"52,305.00",,,,,,,,,,,,,,,,,,,
130,KA59 5981,MXL,DEVI,Line,Britannia,,,"52,305.00",,,,,,,,,,,,,,,,,,,
131,KA59 5982,MXL,DEVI,Line,Britannia,,,"52,305.00",,,,,,,,,,,,,,,,,,,
132,KA59 5983,MXL,DEVI,Line,Britannia,,,"52,305.00",,,,,,,,,,,,,,,,,,,
133,KA59 5984,MXL,DEVI,Line,Britannia,,,"52,305.00",,,,,,,,,,,,,,,,,,,
134,KA59 5985,MXL,DEVI,Line,Britannia,,,,,,,,,,,,,,,,,,,,,,
135,KA59 5986,MXL,DEVI,Line,Britannia,,,,,,,,,,,,,,,,,,,,,,
136,KA59 5987,MXL,DEVI,Line,Britannia,,,,,,,,,,,,,,,,,,,,,,
137,KA59 5988,MXL,DEVI,Line,Britannia,,,,,,,,,,,,,,,,,,,,,,
138,KA59 5989,MXL,DEVI,Line,Britannia,,,"52,305.00",,,,,,,,,,,,,,,,,,,
139,KA59 5990,MXL,DEVI,Line,Britannia,,,"52,305.00",,,,,,,,,,,,,,,,,,,
140,KA59 5991,MXL,DEVI,Line,Britannia,,,"52,305.00",,,,,,,,,,,,,,,,,,,
141,KA59 5992,MXL,DEVI,Line,Britannia,,,,,,,,,,,,,,,,,,,,,,
142,KA59 5993,MXL,DEVI,Line,Britannia,,,,,,,,,,,,,,,,,,,,,,
143,KA59 5994,MXL,DEVI,Line,Britannia,,,,,,,,,,,,,,,,,,,,,,
144,KA59 5995,MXL,DEVI,Line,Britannia,,,"52,305.00",,,,,,,,,,,,,,,,,,,
145,KA59 5996,MXL,DEVI,Line,Britannia,,,"52,305.00",,,,,,,,,,,,,,,,,,,
146,KA59 5997,MXL,DEVI,Line,Britannia,,,"52,305.00",,,,,,,,,,,,,,,,,,,
147,KA59 5998,MXL,DEVI,Line,Britannia,,,"52,580.00",,,,,,,,,,,,,,,,,,,
148,KA59 6000,MXL,DEVI,Line,Britannia,,,,,,,,,,,,,,,,,,,,,,
149,KA59 6001,MXL,DEVI,Line,Britannia,,,,,,,,,,,,,,,,,,,,,,
150,KA59 6002,MXL,DEVI,Line,Britannia,,,,,,,,,,,,,,,,,,,,,,
151,KA59 6003,MXL,DEVI,Line,Britannia,,,,,,,,,,,,,,,,,,,,,,
152,KA59 6004,MXL,DEVI,Line,Britannia,,,,,,,,,,,,,,,,,,,,,,
153,KA59 6005,MXL,DEVI,Line,Britannia,,,,,,,,,,,,,,,,,,,,,,
154,KA59 6006,MXL,DEVI,Line,Britannia,,,"52,580",,,,,,,,,,,,,,,,,,,
155,KA59 6007,MXL,DEVI,Line,Britannia,,,,,,,,,,,,,,,,,,,,,,
156,KA59 6008,MXL,DEVI,Line,Britannia,,,"52,580.00",,,,,,,,,,,,,,,,,,,
157,KA59 6009,MXL,DEVI,Line,Britannia,,,"52,580.00",,,,,,,,,,,,,,,,,,,
158,KA59 6373,MXL,DEVI,Line,Britannia,,,,,,,,,,,,,,,,,,,,,,
159,KA59 6380,MXL,DEVI,Line,Britannia,,,,,,,,,,,,,,,,,,,,,,
160,KA59 6381,MXL,DEVI,Line,Britannia,,,,,,,,,,,,,,,,,,,,,,
161,KA59 6382,MXL,DEVI,Line,Britannia,,,,,,,,,,,,,,,,,,,,,,
162,KA59 6383,MXL,DEVI,Line,Britannia,,,,,,,,,,,,,,,,,,,,,,
163,KA59 6390,MXL,DEVI,Line,Britannia,,,,,,,,,,,,,,,,,,,,,,
164,KA59 7394,MXL,DEVI,Line,Britannia,,,,,,,,,,,,,,,,,,,,,,
165,KA59 7395,MXL,DEVI,Line,Britannia,,,,,,,,,,,,,,,,,,,,,,
166,KA59 7396,MXL,DEVI,Line,Britannia,,,,,,,,,,,,,,,,,,,,,,
167,KA59 7397,MXL,DEVI,Line,Britannia,,,,,,,,,,,,,,,,,,,,,,
168,KA59 7398,MXL,DEVI,Line,Britannia,,,,,,,,,,,,,,,,,,,,,,
169,KA59 7399,MXL,DEVI,Line,Britannia,,,,,,,,,,,,,,,,,,,,,,
170,KA59 7400,MXL,DEVI,Line,Britannia,,,,,,,,,,,,,,,,,,,,,,
171,KA59 7401,MXL,DEVI,Line,Britannia,,,,,,,,,,,,,,,,,,,,,,
172,KA59 7402,MXL,DEVI,Line,Britannia,,,,,,,,,,,,,,,,,,,,,,
173,KA59 7403,MXL,DEVI,Line,Britannia,,,,,,,,,,,,,,,,,,,,,,
174,KA59 7404,MXL,DEVI,Line,Britannia,,,,,,,,,,,,,,,,,,,,,,
175,KA59 7405,MXL,DEVI,Line,Britannia,,,,,,,,,,,,,,,,,,,,,,
176,KA59 7406,MXL,DEVI,Line,Britannia,,,,,,,,,,,,,,,,,,,,,,
177,KA59 7407,MXL,DEVI,Line,Britannia,,,,,,,,,,,,,,,,,,,,,,
178,KA59 7408,MXL,DEVI,Line,Britannia,,,,,,,,,,,,,,,,,,,,,,
179,KA59 8122,MXL,DEVI,Line,Britannia,,,,,,,,,,,,,,,,,,,,,,
180,KA59 8123,MXL,DEVI,Line,Britannia,,,,,,,,,,,,,,,,,,,,,,
181,KA59 8258,MXL,DEVI,Line,Britannia,,,,,,,,,,,,,,,,,,,,,,
182,KA59 8259,MXL,DEVI,Line,Britannia,,,,,,,,,,,,,,,,,,,,,,
183,KA59 8260,MXL,DEVI,Line,Britannia,,,,,,,,,,,,,,,,,,,,,,
184,KA59 9072,MXL,DEVI,Line,Britannia,,,,,,,,,,,,,,,,,,,,,,
185,KA59 9064,MXL,DEVI,Line,Britannia,,,,,,,,,,,,,,,,,,,,,,
186,KA59 9073,MXL,DEVI,Line,Britannia,,,,,,,,,,,,,,,,,,,,,,
187,KA51AA2803,MXL,NANDINI,Dedicated,Britannia,,,,,,,,,,,,,,,,,,,,,,
188,KA51AA2804,MXL,NANDINI,Dedicated,Britannia,,,,,,,,,,,,,,,,,,,,,,
189,KA51AA2805,MXL,NANDINI,Dedicated,Britannia,,,,,,,,,,,,,,,,,,,,,,
190,KA51AA2806,MXL,NANDINI,Dedicated,Britannia,,,,,,,,,,,,,,,,,,,,,,
191,KA51B1138,MXL,NANDINI,Dedicated,Britannia,,,,,,,,,,,,,,,,,,,,,,
192,KA51B3048,MXL,NANDINI,Dedicated,Britannia,,,,,,,,,,,,,,,,,,,,,,
193,KA51D9719,MXL,NANDINI,Dedicated,Britannia,,,,,,,,,,,,,,,,,,,,,,
194,KA59 9146,MXL,SHARATH,Dedicated,MRF,,31-12-2025,60000,,,,,,,,,,,,,,,,,,,
195,KA59 9147,MXL,DEVI,Other,,NEW Vehicles ( SHL Partnership),31-12-2025,60000,,,,,,,,,,,,,,,,,,,
196,KA59 9148,MXL,DEVI,Other,,NEW Vehicles ( SHL Partnership),31-12-2025,60000,,,,,,,,,,,,,,,,,,,
197,KA59 9149,MXL,DEVI,Other,,NEW Vehicles ( SHL Partnership),31-12-2025,60000,,,,,,,,,,,,,,,,,,,
198,KA59 9150,MXL,DEVI,Other,,NEW Vehicles ( SHL Partnership),31-12-2025,60000,,,,,,,,,,,,,,,,,,,
199,KA59 9152,MXL,SHARATH,Dedicated,MRF,NEW Vehicles ( SHL Partnership),31-12-2025,60000,,,,,,,,,,,,,,,,,,,
200,KA59 9153,MXL,DEVI,Other,,NEW Vehicles ( SHL Partnership),31-12-2025,60000,,,,,,,,,,,,,,,,,,,
201,KA59 9154,MXL,SHARATH,Dedicated,MRF,,31-12-2025,60000,,,,,,,,,,,,,,,,,,,
202,KA59 9155,MXL,SHARATH,Dedicated,MRF,,31-12-2025,60000,,,,,,,,,,,,,,,,,,,
203,KA59 9156,MXL,SHARATH,Dedicated,MRF,,31-12-2025,60000,,,,,,,,,,,,,,,,,,,
204,KA59 9157,MXL,DEVI,Other,,NEW Vehicles ( SHL Partnership),31-12-2025,60000,,,,,,,,,,,,,,,,,,,
205,KA59 9158,MXL,SHARATH,Dedicated,MRF,,31-12-2025,60000,,,,,,,,,,,,,,,,,,,
206,KA59 9159,MXL,DEVI,Other,,NEW Vehicles ( SHL Partnership),31-12-2025,60000,,,,,,,,,,,,,,,,,,,
207,KA59 9160,MXL,DEVI,Other,,NEW Vehicles ( SHL Partnership),31-12-2025,60000,,,,,,,,,,,,,,,,,,,
208,KA59 9161,MXL,DEVI,Other,,NEW Vehicles ( SHL Partnership),31-12-2025,60000,,,,,,,,,,,,,,,,,,,
209,KA59 9162,MXL,DEVI,Other,,NEW Vehicles ( SHL Partnership),31-12-2025,60000,,,,,,,,,,,,,,,,,,,
210,KA59 9163,MXL,SHARATH,Dedicated,MRF,,31-12-2025,60000,,,,,,,,,,,,,,,,,,,
211,KA59 9164,MXL,DEVI,Other,,NEW Vehicles ( SHL Partnership),31-12-2025,60000,,,,,,,,,,,,,,,,,,,
212,KA59 9165,MXL,SHARATH,Dedicated,MRF,,31-12-2025,60000,,,,,,,,,,,,,,,,,,,
213,KA59 9166,MXL,DEVI,Other,,NEW Vehicles ( SHL Partnership),31-12-2025,60000,,,,,,,,,,,,,,,,,,,
214,KA59 9167,MXL,DEVI,Other,,NEW Vehicles ( SHL Partnership),31-12-2025,60000,,,,,,,,,,,,,,,,,,,
215,KA59 9168,MXL,DEVI,Other,,NEW Vehicles ( SHL Partnership),31-12-2025,60000,,,,,,,,,,,,,,,,,,,
216,KA59 9169,MXL,DEVI,Other,,NEW Vehicles ( SHL Partnership),31-12-2025,60000,,,,,,,,,,,,,,,,,,,
217,KA59 9170,MXL,DEVI,Other,,NEW Vehicles ( SHL Partnership),31-12-2025,60000,,,,,,,,,,,,,,,,,,,
218,KA51B1499,MXL,SADDAM,Dedicated,Britannia,,,,,,,,,,,,,,,,,,,,,,
219,KA51B3173,MXL,SADDAM,Dedicated,Britannia,,,,,,,,,,,,,,,,,,,,,,
220,KA51B5108,MXL,SADDAM,Dedicated,Britannia,,,,,,,,,,,,,,,,,,,,,,
221,KA51B5349,MXL,SADDAM,Dedicated,Britannia,,,,,,,,,,,,,,,,,,,,,,
222,KA51B5350,MXL,SADDAM,Dedicated,Britannia,,,,,,,,,,,,,,,,,,,,,,
223,KA51B5352,MXL,SADDAM,Dedicated,Britannia,,,,,,,,,,,,,,,,,,,,,,
224,KA51B5356,MXL,SADDAM,Dedicated,Britannia,,,,,,,,,,,,,,,,,,,,,,
225,KA51C6586,MXL,SADDAM,Dedicated,Britannia,,,,,,,,,,,,,,,,,,,,,,
226,KA51C6588,MXL,SADDAM,Dedicated,Britannia,,,,,,,,,,,,,,,,,,,,,,
227,KA51C6589,MXL,SADDAM,Dedicated,Britannia,,,,,,,,,,,,,,,,,,,,,,
228,KA51C6590,MXL,SADDAM,Dedicated,Britannia,,,,,,,,,,,,,,,,,,,,,,
229,KA51C6591,MXL,SADDAM,Dedicated,Britannia,,,,,,,,,,,,,,,,,,,,,,
230,KA51C6592,MXL,SADDAM,Dedicated,Britannia,,,,,,,,,,,,,,,,,,,,,,
231,KA51C7236,MXL,SADDAM,Dedicated,Britannia,,,,,,,,,,,,,,,,,,,,,,
232,KA51D3946,MXL,SADDAM,Dedicated,Britannia,,,,,,,,,,,,,,,,,,,,,,
233,KA51C7237,MXL,DEVI,Dedicated,Britannia,,,,,,,,,,,,,,,,,,,,,,
234,KA51C7238,MXL,DEVI,Dedicated,Britannia,,,,,,,,,,,,,,,,,,,,,,
235,KA51D9728,MXL,SHARATH,Dedicated,MRF,,,,,,,,,,,,,,,,,,,,,,
236,KA51D9735,MXL,SHARATH,Dedicated,MRF,,,,,,,,,,,,,,,,,,,,,,
237,KA51D9736,MXL,SHARATH,Dedicated,MRF,,,,,,,,,,,,,,,,,,,,,,
238,KA51D9739,MXL,SHARATH,Dedicated,MRF,,,,,,,,,,,,,,,,,,,,,,
239,KA51D9720,MXL,SRINIVAS,Dedicated,Britannia,,,,,,,,,,,,,,,,,,,,,,
240,KA51D9721,MXL,SRINIVAS,Dedicated,Britannia,,,,,,,,,,,,,,,,,,,,,,
241,KA51D9722,MXL,SRINIVAS,Dedicated,Britannia,,,,,,,,,,,,,,,,,,,,,,
242,KA51D9723,MXL,SRINIVAS,Dedicated,Britannia,,,,,,,,,,,,,,,,,,,,,,
243,KA51D9725,MXL,SRINIVAS,Dedicated,Britannia,,,,,,,,,,,,,,,,,,,,,,
244,KA51D9726,MXL,SRINIVAS,Dedicated,Britannia,,,,,,,,,,,,,,,,,,,,,,
245,KA51D9727,MXL,SRINIVAS,Dedicated,Britannia,,,,,,,,,,,,,,,,,,,,,,
246,KA52B2320,SXL,NANDINI,Dedicated,VOLTAS,,,,,,,,,,,,,,,,,,,,,,
247,KA52B2324,SXL,NANDINI,Dedicated,VOLTAS,,,,,,,,,,,,,,,,,,,,,,
248,KA52B2591,SXL,NANDINI,Dedicated,VOLTAS,,,,,,,,,,,,,,,,,,,,,,
249,KA52B2332,SXL,NANDINI,Dedicated,VOLTAS,NEL,,,,,,,,,,,,,,,,,,,,,
250,KA59 4774,SXL,NANDINI,Dedicated,FLYJAC,,,,,,,,,,,,,,,,,,,,,,
251,KA59 4775,SXL,NANDINI,Dedicated,FLYJAC,,,,,,,,,,,,,,,,,,,,,,
252,KA59 4778,SXL,NANDINI,Dedicated,FLYJAC,,,,,,,,,,,,,,,,,,,,,,
253,KA59 4780,SXL,NANDINI,Dedicated,FLYJAC,,,,,,,,,,,,,,,,,,,,,,
254,KA59 4784,SXL,NANDINI,Dedicated,FLYJAC,,,,,,,,,,,,,,,,,,,,,,
255,KA51AA1733,SXL,NANDINI,Dedicated,FLYJAC,,,,,,,,,,,,,,,,,,,,,,
256,KA51AA1763,SXL,NANDINI,Dedicated,FLYJAC,,,,,,,,,,,,,,,,,,,,,,
257,KA51B4651,SXL,NANDINI,Dedicated,FLYJAC,,,,,,,,,,,,,,,,,,,,,,
258,KA51B4657,SXL,NANDINI,Dedicated,FLYJAC,,,,,,,,,,,,,,,,,,,,,,
259,KA01AC9146,SXL,NANDINI,Dedicated,FLYJAC,,,,,,,,,,,,,,,,,,,,,,
260,KA01AC9157,SXL,NANDINI,Dedicated,FLYJAC,,,,,,,,,,,,,,,,,,,,,,
261,KA01AC9831,SXL,NANDINI,Dedicated,FLYJAC,,,,,,,,,,,,,,,,,,,,,,
262,KA01AC9835,SXL,NANDINI,Dedicated,FLYJAC,,,,,,,,,,,,,,,,,,,,,,
263,KA52B2250,SXL,NANDINI,Dedicated,VOLTAS,,,,,,,,,,,,,,,,,,,,,,
264,KA51B4634,SXL,SADDAM,Dedicated,Britannia,,,,,,,,,,,,,,,,,,,,,,
265,KA51B4638,SXL,SADDAM,Dedicated,Britannia,,,,,,,,,,,,,,,,,,,,,,
266,NL01AA4815,SXL,SADDAM,Dedicated,Britannia,,,,,,,,,,,,,,,,,,,,,,
267,NL01AA4805,SXL,SADDAM,Dedicated,Britannia,,,,,,,,,,,,,,,,,,,,,,
268,NL01AA4807,SXL,SADDAM,Dedicated,Britannia,,,,,,,,,,,,,,,,,,,,,,
269,NL01AA4808,SXL,SADDAM,Dedicated,Britannia,,,,,,,,,,,,,,,,,,,,,,
270,NL01AA4812,SXL,SADDAM,Dedicated,Britannia,,,,,,,,,,,,,,,,,,,,,,
271,NL01AA4813,SXL,SADDAM,Dedicated,Britannia,,,,,,,,,,,,,,,,,,,,,,
272,NL01AA4819,SXL,SADDAM,Dedicated,Britannia,,,,,,,,,,,,,,,,,,,,,,
273,NL01AA5183,SXL,SADDAM,Dedicated,Britannia,,,,,,,,,,,,,,,,,,,,,,
274,NL01AC3961,SXL,SADDAM,Dedicated,Britannia,,,,,,,,,,,,,,,,,,,,,,
275,NL01AC3967,SXL,SADDAM,Dedicated,Britannia,,,,,,,,,,,,,,,,,,,,,,
276,KA52B0892,SXL,SADDAM,Dedicated,Britannia,,,,,,,,,,,,,,,,,,,,,,
277,KA52B0893,SXL,SADDAM,Dedicated,Britannia,,,,,,,,,,,,,,,,,,,,,,
278,KA52B0894,SXL,SADDAM,Dedicated,Britannia,,,,,,,,,,,,,,,,,,,,,,
279,TN88V8974,SXL,SADDAM,Dedicated,Britannia,,,,,,,,,,,,,,,,,,,,,,
280,KA51B4639,SXL,SADDAM,Dedicated,Britannia,,,,,,,,,,,,,,,,,,,,,,
281,KA51B4652,SXL,SADDAM,Dedicated,Britannia,,,,,,,,,,,,,,,,,,,,,,
282,KA01AC9839,SXL,SADDAM,Dedicated,Britannia,,,,,,,,,,,,,,,,,,,,,,
283,KA01AC9836,SXL,SADDAM,Dedicated,Britannia,,,,,,,,,,,,,,,,,,,,,,
284,KA52B2318,SXL,Shanthi,Dedicated,Britannia,,,,,,,,,,,,,,,,,,,,,,
285,KA59 4773,SXL,Shanthi,Dedicated,Britannia,,,,,,,,,,,,,,,,,,,,,,
286,KA59 4781,SXL,Shanthi,Dedicated,Britannia,,,,,,,,,,,,,,,,,,,,,,
287,KA59 4782,SXL,Shanthi,Dedicated,Britannia,,,,,,,,,,,,,,,,,,,,,,
288,KA59 4783,SXL,Shanthi,Dedicated,Britannia,,,,,,,,,,,,,,,,,,,,,,
289,KA51B4633,SXL,UMESH,Line,Britannia,ELITE GASOLINE,,"50,740.00",,,,,,,,,,,,,,,,,,,
290,KA52B0890,SXL,UMESH,Dedicated,VIP,,,,,,,,,,,,,,,,,,,,,,
291,KA52B0891,SXL,UMESH,Dedicated,VIP,Selvarani P,,,,,,,,,,,,,,,,,,,,,
292,KA52B0895,SXL,UMESH,Line,Britannia,,,,,,,,,,,,,,,,,,,,,,
293,KA52B0896,SXL,UMESH,Line,Britannia,,,,,,,,,,,,,,,,,,,,,,
294,KA52B0897,SXL,UMESH,Dedicated,VIP,,,,,,,,,,,,,,,,,,,,,,
295,KA52B0898,SXL,UMESH,Dedicated,VIP,,,,,,,,,,,,,,,,,,,,,,
296,KA52B0899,SXL,UMESH,Dedicated,VIP,ELITE GASOLINE,,"55,044.00",,,,,,,,,,,,,,,,,,,
297,KA52B2244,SXL,UMESH,Dedicated,VIP,,,,,,,,,,,,,,,,,,,,,,
298,KA52B2245,SXL,UMESH,Dedicated,VIP,NEO ELITE LOGISTICS PRIVATE LIMIED,,"46,716",,,,,,,,,,,,,,,,,,,
299,KA52B2247,SXL,UMESH,Dedicated,VIP,HARSANA SIVA Prop. OF SH logistics Solutions,,"49,433",,,,,,,,,,,,,,,,,,,
300,KA52B2249,SXL,UMESH,Line,Britannia,NEO ELITE LOGISTICS PRIVATE LIMIED,,"46,716",,,,,,,,,,,,,,,,,,,
301,KA52B2252,SXL,UMESH,Dedicated,VIP,NEO ELITE LOGISTICS PRIVATE LIMIED,,"46,716",,,,,,,,,,,,,,,,,,,
302,KA52B2315,SXL,UMESH,Dedicated,VIP,NEO ELITE LOGISTICS PRIVATE LIMIED,,"46,716",,,,,,,,,,,,,,,,,,,
303,KA52B2321,SXL,UMESH,Dedicated,VIP,NEO ELITE LOGISTICS PRIVATE LIMIED,,"46,004",,,,,,,,,,,,,,,,,,,
304,KA52B2322,SXL,UMESH,Dedicated,VIP,HARSANA SIVA Prop. OF SH logistics Solutions,,"48,073",,,,,,,,,,,,,,,,,,,
305,KA52B2323,SXL,UMESH,Line,Britannia,HARSANA SIVA Prop. OF SH logistics Solutions,,"49,433",,,,,,,,,,,,,,,,,,,
306,KA52B2325,SXL,UMESH,Dedicated,VIP,HARSANA SIVA Prop. OF SH logistics Solutions,,"49,433",,,,,,,,,,,,,,,,,,,
307,KA52B2326,SXL,UMESH,Dedicated,VIP,HARSANA SIVA Prop. OF SH logistics Solutions,,"49,433",,,,,,,,,,,,,,,,,,,
308,KA52B2328,SXL,UMESH,Dedicated,VIP,HARSANA SIVA Prop. OF SH logistics Solutions,,"49,433",,,,,,,,,,,,,,,,,,,
309,KA52B2331,SXL,UMESH,Line,Britannia,,,,,,,,,,,,,,,,,,,,,,
310,KA52B2439,SXL,UMESH,Line,Britannia,,,,,,,,,,,,,,,,,,,,,,
311,KA52B2443,SXL,UMESH,Dedicated,VIP,HARSANA SIVA Prop. OF SH logistics Solutions,,"1,71,481",,,,,,,,,,,,,,,,,,,
312,KA52B2589,SXL,UMESH,Dedicated,VIP,HARSANA SIVA Prop. OF SH logistics Solutions,,"49,433",,,,,,,,,,,,,,,,,,,
313,KA52B2590,SXL,UMESH,Dedicated,VIP,HARSANA SIVA Prop. OF SH logistics Solutions,,"1,90,545",,,,,,,,,,,,,,,,,,,
314,KA52B2603,SXL,UMESH,Dedicated,VIP,HARSANA SIVA Prop. OF SH logistics Solutions,,"48,073",,,,,,,,,,,,,,,,,,,
315,KA52B2604,SXL,UMESH,Dedicated,VIP,,,,,,,,,,,,,,,,,,,,,,
316,KA59 4772,SXL,UMESH,Line,Britannia,ELITE GASOLINE,,"60,153.00",,,,,,,,,,,,,,,,,,,
317,KA59 4776,SXL,UMESH,Line,Britannia,ELITE GASOLINE,,"60,153.00",,,,,,,,,,,,,,,,,,,
318,KA51D2289,MXL,SADDAM,Dedicated,Britannia,Karthik,,,,,,,,,,,,,,,,,,,,,
,,,,,,,,,,,,,,,,,,,,,,,,,,,
,,,,,,,,,,,,,,,,,,,,,,,,,,,
,,,,,,,,,,,,,,,,,,,,,,,,,,,
,,,,,,,,,,,,,,,,,,,,,,,,,,,
,,,,,,,,,,,,,,,,,,,,,,,,,,,
,,,,,,,,,,,,,,,,,,,,,,,,,,,
,,,,,,,,,,,,,,,,,,,,,,,,,,,
,,,,,,,,,,,,,,,,,,,,,,,,,,,
,,,,,,,,,,,,,,,,,,,,,,,,,,,
,,,,,,,,,,,,,,,,,,,,,,,,,,,
,,,,,,,,,,,,,,,,,,,,,,,,,,,
,,,,,,,,,,,,,,,,,,,,,,,,,,,
,,,,,,,,,,,,,,,,,,,,,,,,,,,
,,,,,,,,,,,,,,,,,,,,,,,,,,,
,,,,,,,,,,,,,,,,,,,,,,,,,,,
,,,,,,,,,,,,,,,,,,,,,,,,,,,
,,,,,,,,,,,,,,,,,,,,,,,,,,,
,,,,,,,,,,,,,,,,,,,,,,,,,,,
,,,,,,,,,,,,,,,,,,,,,,,,,,,
,,,,,,,,,,,,,,,,,,,,,,,,,,,
,,,,,,,,,,,,,,,,,,,,,,,,,,,
,,,,,,,,,,,,,,,,,,,,,,,,,,,
,,,,,,,,,,,,,,,,,,,,,,,,,,,
,,,,,,,,,,,,,,,,,,,,,,,,,,,
,,,,,,,,,,,,,,,,,,,,,,,,,,,
,,,,,,,,,,,,,,,,,,,,,,,,,,,
,,,,,,,,,,,,,,,,,,,,,,,,,,,
,,,,,,,,,,,,,,,,,,,,,,,,,,,
,,,,,,,,,,,,,,,,,,,,,,,,,,,
,,,,,,,,,,,,,,,,,,,,,,,,,,,
,,,,,,,,,,,,,,,,,,,,,,,,,,,
,,,,,,,,,,,,,,,,,,,,,,,,,,,
,,,,,,,,,,,,,,,,,,,,,,,,,,,
,,,,,,,,,,,,,,,,,,,,,,,,,,,
,,,,,,,,,,,,,,,,,,,,,,,,,,,
,,,,,,,,,,,,,,,,,,,,,,,,,,,
,,,,,,,,,,,,,,,,,,,,,,,,,,,
,,,,,,,,,,,,,,,,,,,,,,,,,,,
,,,,,,,,,,,,,,,,,,,,,,,,,,,
,,,,,,,,,,,,,,,,,,,,,,,,,,,
,,,,,,,,,,,,,,,,,,,,,,,,,,,
,,,,,,,,,,,,,,,,,,,,,,,,,,,
,,,,,,,,,,,,,,,,,,,,,,,,,,,
,,,,,,,,,,,,,,,,,,,,,,,,,,,
,,,,,,,,,,,,,,,,,,,,,,,,,,,
,,,,,,,,,,,,,,,,,,,,,,,,,,,
,,,,,,,,,,,,,,,,,,,,,,,,,,,
,,,,,,,,,,,,,,,,,,,,,,,,,,,
,,,,,,,,,,,,,,,,,,,,,,,,,,,
,,,,,,,,,,,,,,,,,,,,,,,,,,,
,,,,,,,,,,,,,,,,,,,,,,,,,,,
,,,,,,,,,,,,,,,,,,,,,,,,,,,
,,,,,,,,,,,,,,,,,,,,,,,,,,,
,,,,,,,,,,,,,,,,,,,,,,,,,,,
,,,,,,,,,,,,,,,,,,,,,,,,,,,
,,,,,,,,,,,,,,,,,,,,,,,,,,,
,,,,,,,,,,,,,,,,,,,,,,,,,,,
,,,,,,,,,,,,,,,,,,,,,,,,,,,
,,,,,,,,,,,,,,,,,,,,,,,,,,,
,,,,,,,,,,,,,,,,,,,,,,,,,,,
,,,,,,,,,,,,,,,,,,,,,,,,,,,
,,,,,,,,,,,,,,,,,,,,,,,,,,,
,,,,,,,,,,,,,,,,,,,,,,,,,,,
,,,,,,,,,,,,,,,,,,,,,,,,,,,
,,,,,,,,,,,,,,,,,,,,,,,,,,,
,,,,,,,,,,,,,,,,,,,,,,,,,,,
,,,,,,,,,,,,,,,,,,,,,,,,,,,
,,,,,,,,,,,,,,,,,,,,,,,,,,,
,,,,,,,,,,,,,,,,,,,,,,,,,,,
,,,,,,,,,,,,,,,,,,,,,,,,,,,
,,,,,,,,,,,,,,,,,,,,,,,,,,,
,,,,,,,,,,,,,,,,,,,,,,,,,,,
,,,,,,,,,,,,,,,,,,,,,,,,,,,
,,,,,,,,,,,,,,,,,,,,,,,,,,,
,,,,,,,,,,,,,,,,,,,,,,,,,,,
,,,,,,,,,,,,,,,,,,,,,,,,,,,
,,,,,,,,,,,,,,,,,,,,,,,,,,,
,,,,,,,,,,,,,,,,,,,,,,,,,,,
,,,,,,,,,,,,,,,,,,,,,,,,,,,
,,,,,,,,,,,,,,,,,,,,,,,,,,,
,,,,,,,,,,,,,,,,,,,,,,,,,,,
,,,,,,,,,,,,,,,,,,,,,,,,,,,
,,,,,,,,,,,,,,,,,,,,,,,,,,,
,,,,,,,,,,,,,,,,,,,,,,,,,,,
,,,,,,,,,,,,,,,,,,,,,,,,,,,
,,,,,,,,,,,,,,,,,,,,,,,,,,,
,,,,,,,,,,,,,,,,,,,,,,,,,,,
,,,,,,,,,,,,,,,,,,,,,,,,,,,
,,,,,,,,,,,,,,,,,,,,,,,,,,,
,,,,,,,,,,,,,,,,,,,,,,,,,,,
,,,,,,,,,,,,,,,,,,,,,,,,,,,
,,,,,,,,,,,,,,,,,,,,,,,,,,,
,,,,,,,,,,,,,,,,,,,,,,,,,,,
,,,,,,,,,,,,,,,,,,,,,,,,,,,
,,,,,,,,,,,,,,,,,,,,,,,,,,,
,,,,,,,,,,,,,,,,,,,,,,,,,,,
,,,,,,,,,,,,,,,,,,,,,,,,,,,
,,,,,,,,,,,,,,,,,,,,,,,,,,,
,,,,,,,,,,,,,,,,,,,,,,,,,,,
,,,,,,,,,,,,,,,,,,,,,,,,,,,
,,,,,,,,,,,,,,,,,,,,,,,,,,,
,,,,,,,,,,,,,,,,,,,,,,,,,,,
,,,,,,,,,,,,,,,,,,,,,,,,,,,
,,,,,,,,,,,,,,,,,,,,,,,,,,,
,,,,,,,,,,,,,,,,,,,,,,,,,,,
,,,,,,,,,,,,,,,,,,,,,,,,,,,
,,,,,,,,,,,,,,,,,,,,,,,,,,,
,,,,,,,,,,,,,,,,,,,,,,,,,,,
,,,,,,,,,,,,,,,,,,,,,,,,,,,
,,,,,,,,,,,,,,,,,,,,,,,,,,,
,,,,,,,,,,,,,,,,,,,,,,,,,,,
,,,,,,,,,,,,,,,,,,,,,,,,,,,
,,,,,,,,,,,,,,,,,,,,,,,,,,,
,,,,,,,,,,,,,,,,,,,,,,,,,,,
,,,,,,,,,,,,,,,,,,,,,,,,,,,
,,,,,,,,,,,,,,,,,,,,,,,,,,,
,,,,,,,,,,,,,,,,,,,,,,,,,,,
,,,,,,,,,,,,,,,,,,,,,,,,,,,
,,,,,,,,,,,,,,,,,,,,,,,,,,,
,,,,,,,,,,,,,,,,,,,,,,,,,,,
,,,,,,,,,,,,,,,,,,,,,,,,,,,
,,,,,,,,,,,,,,,,,,,,,,,,,,,
,,,,,,,,,,,,,,,,,,,,,,,,,,,
,,,,,,,,,,,,,,,,,,,,,,,,,,,
,,,,,,,,,,,,,,,,,,,,,,,,,,,
,,,,,,,,,,,,,,,,,,,,,,,,,,,
,,,,,,,,,,,,,,,,,,,,,,,,,,,
,,,,,,,,,,,,,,,,,,,,,,,,,,,
,,,,,,,,,,,,,,,,,,,,,,,,,,,
,,,,,,,,,,,,,,,,,,,,,,,,,,,
,,,,,,,,,,,,,,,,,,,,,,,,,,,
,,,,,,,,,,,,,,,,,,,,,,,,,,,
,,,,,,,,,,,,,,,,,,,,,,,,,,,
,,,,,,,,,,,,,,,,,,,,,,,,,,,
,,,,,,,,,,,,,,,,,,,,,,,,,,,
,,,,,,,,,,,,,,,,,,,,,,,,,,,
,,,,,,,,,,,,,,,,,,,,,,,,,,,
,,,,,,,,,,,,,,,,,,,,,,,,,,,
,,,,,,,,,,,,,,,,,,,,,,,,,,,
,,,,,,,,,,,,,,,,,,,,,,,,,,,
,,,,,,,,,,,,,,,,,,,,,,,,,,,
,,,,,,,,,,,,,,,,,,,,,,,,,,,
,,,,,,,,,,,,,,,,,,,,,,,,,,,
,,,,,,,,,,,,,,,,,,,,,,,,,,,
,,,,,,,,,,,,,,,,,,,,,,,,,,,
,,,,,,,,,,,,,,,,,,,,,,,,,,,
,,,,,,,,,,,,,,,,,,,,,,,,,,,
,,,,,,,,,,,,,,,,,,,,,,,,,,,
,,,,,,,,,,,,,,,,,,,,,,,,,,,
,,,,,,,,,,,,,,,,,,,,,,,,,,,
,,,,,,,,,,,,,,,,,,,,,,,,,,,
,,,,,,,,,,,,,,,,,,,,,,,,,,,
,,,,,,,,,,,,,,,,,,,,,,,,,,,
,,,,,,,,,,,,,,,,,,,,,,,,,,,
,,,,,,,,,,,,,,,,,,,,,,,,,,,
,,,,,,,,,,,,,,,,,,,,,,,,,,,
,,,,,,,,,,,,,,,,,,,,,,,,,,,
,,,,,,,,,,,,,,,,,,,,,,,,,,,
,,,,,,,,,,,,,,,,,,,,,,,,,,,
,,,,,,,,,,,,,,,,,,,,,,,,,,,
,,,,,,,,,,,,,,,,,,,,,,,,,,,
,,,,,,,,,,,,,,,,,,,,,,,,,,,
,,,,,,,,,,,,,,,,,,,,,,,,,,,
,,,,,,,,,,,,,,,,,,,,,,,,,,,
,,,,,,,,,,,,,,,,,,,,,,,,,,,
,,,,,,,,,,,,,,,,,,,,,,,,,,,
,,,,,,,,,,,,,,,,,,,,,,,,,,,
,,,,,,,,,,,,,,,,,,,,,,,,,,,
,,,,,,,,,,,,,,,,,,,,,,,,,,,
,,,,,,,,,,,,,,,,,,,,,,,,,,,
,,,,,,,,,,,,,,,,,,,,,,,,,,,
,,,,,,,,,,,,,,,,,,,,,,,,,,,
,,,,,,,,,,,,,,,,,,,,,,,,,,,
,,,,,,,,,,,,,,,,,,,,,,,,,,,
,,,,,,,,,,,,,,,,,,,,,,,,,,,
,,,,,,,,,,,,,,,,,,,,,,,,,,,
,,,,,,,,,,,,,,,,,,,,,,,,,,,
,,,,,,,,,,,,,,,,,,,,,,,,,,,
,,,,,,,,,,,,,,,,,,,,,,,,,,,
,,,,,,,,,,,,,,,,,,,,,,,,,,,
,,,,,,,,,,,,,,,,,,,,,,,,,,,
,,,,,,,,,,,,,,,,,,,,,,,,,,,
,,,,,,,,,,,,,,,,,,,,,,,,,,,
,,,,,,,,,,,,,,,,,,,,,,,,,,,
,,,,,,,,,,,,,,,,,,,,,,,,,,,
,,,,,,,,,,,,,,,,,,,,,,,,,,,
,,,,,,,,,,,,,,,,,,,,,,,,,,,
,,,,,,,,,,,,,,,,,,,,,,,,,,,
,,,,,,,,,,,,,,,,,,,,,,,,,,,
,,,,,,,,,,,,,,,,,,,,,,,,,,,
,,,,,,,,,,,,,,,,,,,,,,,,,,,
,,,,,,,,,,,,,,,,,,,,,,,,,,,
,,,,,,,,,,,,,,,,,,,,,,,,,,,
,,,,,,,,,,,,,,,,,,,,,,,,,,,
,,,,,,,,,,,,,,,,,,,,,,,,,,,
,,,,,,,,,,,,,,,,,,,,,,,,,,,
,,,,,,,,,,,,,,,,,,,,,,,,,,,
,,,,,,,,,,,,,,,,,,,,,,,,,,,
,,,,,,,,,,,,,,,,,,,,,,,,,,,
,,,,,,,,,,,,,,,,,,,,,,,,,,,
,,,,,,,,,,,,,,,,,,,,,,,,,,,
,,,,,,,,,,,,,,,,,,,,,,,,,,,
,,,,,,,,,,,,,,,,,,,,,,,,,,,
,,,,,,,,,,,,,,,,,,,,,,,,,,,
,,,,,,,,,,,,,,,,,,,,,,,,,,,
,,,,,,,,,,,,,,,,,,,,,,,,,,,
,,,,,,,,,,,,,,,,,,,,,,,,,,,
,,,,,,,,,,,,,,,,,,,,,,,,,,,
,,,,,,,,,,,,,,,,,,,,,,,,,,,
,,,,,,,,,,,,,,,,,,,,,,,,,,,
,,,,,,,,,,,,,,,,,,,,,,,,,,,
,,,,,,,,,,,,,,,,,,,,,,,,,,,
,,,,,,,,,,,,,,,,,,,,,,,,,,,
,,,,,,,,,,,,,,,,,,,,,,,,,,,
,,,,,,,,,,,,,,,,,,,,,,,,,,,
,,,,,,,,,,,,,,,,,,,,,,,,,,,
,,,,,,,,,,,,,,,,,,,,,,,,,,,
,,,,,,,,,,,,,,,,,,,,,,,,,,,
,,,,,,,,,,,,,,,,,,,,,,,,,,,
,,,,,,,,,,,,,,,,,,,,,,,,,,,
,,,,,,,,,,,,,,,,,,,,,,,,,,,
,,,,,,,,,,,,,,,,,,,,,,,,,,,
,,,,,,,,,,,,,,,,,,,,,,,,,,,
,,,,,,,,,,,,,,,,,,,,,,,,,,,
,,,,,,,,,,,,,,,,,,,,,,,,,,,
,,,,,,,,,,,,,,,,,,,,,,,,,,,
,,,,,,,,,,,,,,,,,,,,,,,,,,,
,,,,,,,,,,,,,,,,,,,,,,,,,,,
,,,,,,,,,,,,,,,,,,,,,,,,,,,
,,,,,,,,,,,,,,,,,,,,,,,,,,,
,,,,,,,,,,,,,,,,,,,,,,,,,,,
,,,,,,,,,,,,,,,,,,,,,,,,,,,
,,,,,,,,,,,,,,,,,,,,,,,,,,,
,,,,,,,,,,,,,,,,,,,,,,,,,,,
,,,,,,,,,,,,,,,,,,,,,,,,,,,
,,,,,,,,,,,,,,,,,,,,,,,,,,,
,,,,,,,,,,,,,,,,,,,,,,,,,,,
,,,,,,,,,,,,,,,,,,,,,,,,,,,
,,,,,,,,,,,,,,,,,,,,,,,,,,,
,,,,,,,,,,,,,,,,,,,,,,,,,,,
,,,,,,,,,,,,,,,,,,,,,,,,,,,
,,,,,,,,,,,,,,,,,,,,,,,,,,,
,,,,,,,,,,,,,,,,,,,,,,,,,,,
,,,,,,,,,,,,,,,,,,,,,,,,,,,
,,,,,,,,,,,,,,,,,,,,,,,,,,,
,,,,,,,,,,,,,,,,,,,,,,,,,,,
,,,,,,,,,,,,,,,,,,,,,,,,,,,
,,,,,,,,,,,,,,,,,,,,,,,,,,,
,,,,,,,,,,,,,,,,,,,,,,,,,,,
,,,,,,,,,,,,,,,,,,,,,,,,,,,
,,,,,,,,,,,,,,,,,,,,,,,,,,,
,,,,,,,,,,,,,,,,,,,,,,,,,,,
,,,,,,,,,,,,,,,,,,,,,,,,,,,
,,,,,,,,,,,,,,,,,,,,,,,,,,,
,,,,,,,,,,,,,,,,,,,,,,,,,,,
,,,,,,,,,,,,,,,,,,,,,,,,,,,
,,,,,,,,,,,,,,,,,,,,,,,,,,,
,,,,,,,,,,,,,,,,,,,,,,,,,,,
,,,,,,,,,,,,,,,,,,,,,,,,,,,
,,,,,,,,,,,,,,,,,,,,,,,,,,,
,,,,,,,,,,,,,,,,,,,,,,,,,,,
,,,,,,,,,,,,,,,,,,,,,,,,,,,
,,,,,,,,,,,,,,,,,,,,,,,,,,,
,,,,,,,,,,,,,,,,,,,,,,,,,,,
,,,,,,,,,,,,,,,,,,,,,,,,,,,
,,,,,,,,,,,,,,,,,,,,,,,,,,,
,,,,,,,,,,,,,,,,,,,,,,,,,,,
,,,,,,,,,,,,,,,,,,,,,,,,,,,
,,,,,,,,,,,,,,,,,,,,,,,,,,,
,,,,,,,,,,,,,,,,,,,,,,,,,,,
,,,,,,,,,,,,,,,,,,,,,,,,,,,
,,,,,,,,,,,,,,,,,,,,,,,,,,,
,,,,,,,,,,,,,,,,,,,,,,,,,,,
,,,,,,,,,,,,,,,,,,,,,,,,,,,
,,,,,,,,,,,,,,,,,,,,,,,,,,,
,,,,,,,,,,,,,,,,,,,,,,,,,,,
,,,,,,,,,,,,,,,,,,,,,,,,,,,
,,,,,,,,,,,,,,,,,,,,,,,,,,,
,,,,,,,,,,,,,,,,,,,,,,,,,,,
,,,,,,,,,,,,,,,,,,,,,,,,,,,
,,,,,,,,,,,,,,,,,,,,,,,,,,,
,,,,,,,,,,,,,,,,,,,,,,,,,,,
,,,,,,,,,,,,,,,,,,,,,,,,,,,
,,,,,,,,,,,,,,,,,,,,,,,,,,,
,,,,,,,,,,,,,,,,,,,,,,,,,,,
,,,,,,,,,,,,,,,,,,,,,,,,,,,
,,,,,,,,,,,,,,,,,,,,,,,,,,,
,,,,,,,,,,,,,,,,,,,,,,,,,,,
,,,,,,,,,,,,,,,,,,,,,,,,,,,
,,,,,,,,,,,,,,,,,,,,,,,,,,,
,,,,,,,,,,,,,,,,,,,,,,,,,,,
,,,,,,,,,,,,,,,,,,,,,,,,,,,
,,,,,,,,,,,,,,,,,,,,,,,,,,,
,,,,,,,,,,,,,,,,,,,,,,,,,,,
,,,,,,,,,,,,,,,,,,,,,,,,,,,
,,,,,,,,,,,,,,,,,,,,,,,,,,,
,,,,,,,,,,,,,,,,,,,,,,,,,,,
,,,,,,,,,,,,,,,,,,,,,,,,,,,
,,,,,,,,,,,,,,,,,,,,,,,,,,,
,,,,,,,,,,,,,,,,,,,,,,,,,,,
,,,,,,,,,,,,,,,,,,,,,,,,,,,
,,,,,,,,,,,,,,,,,,,,,,,,,,,
,,,,,,,,,,,,,,,,,,,,,,,,,,,
,,,,,,,,,,,,,,,,,,,,,,,,,,,
,,,,,,,,,,,,,,,,,,,,,,,,,,,
,,,,,,,,,,,,,,,,,,,,,,,,,,,
,,,,,,,,,,,,,,,,,,,,,,,,,,,
,,,,,,,,,,,,,,,,,,,,,,,,,,,
,,,,,,,,,,,,,,,,,,,,,,,,,,,
,,,,,,,,,,,,,,,,,,,,,,,,,,,
,,,,,,,,,,,,,,,,,,,,,,,,,,,
,,,,,,,,,,,,,,,,,,,,,,,,,,,
,,,,,,,,,,,,,,,,,,,,,,,,,,,
,,,,,,,,,,,,,,,,,,,,,,,,,,,
,,,,,,,,,,,,,,,,,,,,,,,,,,,
,,,,,,,,,,,,,,,,,,,,,,,,,,,
,,,,,,,,,,,,,,,,,,,,,,,,,,,
,,,,,,,,,,,,,,,,,,,,,,,,,,,
,,,,,,,,,,,,,,,,,,,,,,,,,,,
,,,,,,,,,,,,,,,,,,,,,,,,,,,
,,,,,,,,,,,,,,,,,,,,,,,,,,,
,,,,,,,,,,,,,,,,,,,,,,,,,,,
,,,,,,,,,,,,,,,,,,,,,,,,,,,
,,,,,,,,,,,,,,,,,,,,,,,,,,,
,,,,,,,,,,,,,,,,,,,,,,,,,,,
,,,,,,,,,,,,,,,,,,,,,,,,,,,
,,,,,,,,,,,,,,,,,,,,,,,,,,,
,,,,,,,,,,,,,,,,,,,,,,,,,,,
,,,,,,,,,,,,,,,,,,,,,,,,,,,
,,,,,,,,,,,,,,,,,,,,,,,,,,,
,,,,,,,,,,,,,,,,,,,,,,,,,,,
,,,,,,,,,,,,,,,,,,,,,,,,,,,
,,,,,,,,,,,,,,,,,,,,,,,,,,,
,,,,,,,,,,,,,,,,,,,,,,,,,,,
,,,,,,,,,,,,,,,,,,,,,,,,,,,
,,,,,,,,,,,,,,,,,,,,,,,,,,,
,,,,,,,,,,,,,,,,,,,,,,,,,,,
,,,,,,,,,,,,,,,,,,,,,,,,,,,
,,,,,,,,,,,,,,,,,,,,,,,,,,,
,,,,,,,,,,,,,,,,,,,,,,,,,,,
,,,,,,,,,,,,,,,,,,,,,,,,,,,
,,,,,,,,,,,,,,,,,,,,,,,,,,,
,,,,,,,,,,,,,,,,,,,,,,,,,,,
,,,,,,,,,,,,,,,,,,,,,,,,,,,
,,,,,,,,,,,,,,,,,,,,,,,,,,,
,,,,,,,,,,,,,,,,,,,,,,,,,,,
,,,,,,,,,,,,,,,,,,,,,,,,,,,
,,,,,,,,,,,,,,,,,,,,,,,,,,,
,,,,,,,,,,,,,,,,,,,,,,,,,,,
,,,,,,,,,,,,,,,,,,,,,,,,,,,
,,,,,,,,,,,,,,,,,,,,,,,,,,,
,,,,,,,,,,,,,,,,,,,,,,,,,,,
,,,,,,,,,,,,,,,,,,,,,,,,,,,
,,,,,,,,,,,,,,,,,,,,,,,,,,,
,,,,,,,,,,,,,,,,,,,,,,,,,,,
,,,,,,,,,,,,,,,,,,,,,,,,,,,
,,,,,,,,,,,,,,,,,,,,,,,,,,,
,,,,,,,,,,,,,,,,,,,,,,,,,,,
,,,,,,,,,,,,,,,,,,,,,,,,,,,
,,,,,,,,,,,,,,,,,,,,,,,,,,,
,,,,,,,,,,,,,,,,,,,,,,,,,,,
,,,,,,,,,,,,,,,,,,,,,,,,,,,
,,,,,,,,,,,,,,,,,,,,,,,,,,,
,,,,,,,,,,,,,,,,,,,,,,,,,,,
,,,,,,,,,,,,,,,,,,,,,,,,,,,
,,,,,,,,,,,,,,,,,,,,,,,,,,,
,,,,,,,,,,,,,,,,,,,,,,,,,,,
,,,,,,,,,,,,,,,,,,,,,,,,,,,
,,,,,,,,,,,,,,,,,,,,,,,,,,,
,,,,,,,,,,,,,,,,,,,,,,,,,,,
,,,,,,,,,,,,,,,,,,,,,,,,,,,
,,,,,,,,,,,,,,,,,,,,,,,,,,,
,,,,,,,,,,,,,,,,,,,,,,,,,,,
,,,,,,,,,,,,,,,,,,,,,,,,,,,
,,,,,,,,,,,,,,,,,,,,,,,,,,,
,,,,,,,,,,,,,,,,,,,,,,,,,,,
,,,,,,,,,,,,,,,,,,,,,,,,,,,
,,,,,,,,,,,,,,,,,,,,,,,,,,,
,,,,,,,,,,,,,,,,,,,,,,,,,,,
,,,,,,,,,,,,,,,,,,,,,,,,,,,
,,,,,,,,,,,,,,,,,,,,,,,,,,,
,,,,,,,,,,,,,,,,,,,,,,,,,,,
,,,,,,,,,,,,,,,,,,,,,,,,,,,
,,,,,,,,,,,,,,,,,,,,,,,,,,,
,,,,,,,,,,,,,,,,,,,,,,,,,,,
,,,,,,,,,,,,,,,,,,,,,,,,,,,
,,,,,,,,,,,,,,,,,,,,,,,,,,,
,,,,,,,,,,,,,,,,,,,,,,,,,,,
,,,,,,,,,,,,,,,,,,,,,,,,,,,
,,,,,,,,,,,,,,,,,,,,,,,,,,,
,,,,,,,,,,,,,,,,,,,,,,,,,,,
,,,,,,,,,,,,,,,,,,,,,,,,,,,
,,,,,,,,,,,,,,,,,,,,,,,,,,,
,,,,,,,,,,,,,,,,,,,,,,,,,,,
,,,,,,,,,,,,,,,,,,,,,,,,,,,
,,,,,,,,,,,,,,,,,,,,,,,,,,,
,,,,,,,,,,,,,,,,,,,,,,,,,,,
,,,,,,,,,,,,,,,,,,,,,,,,,,,
,,,,,,,,,,,,,,,,,,,,,,,,,,,
,,,,,,,,,,,,,,,,,,,,,,,,,,,
,,,,,,,,,,,,,,,,,,,,,,,,,,,
,,,,,,,,,,,,,,,,,,,,,,,,,,,
,,,,,,,,,,,,,,,,,,,,,,,,,,,
,,,,,,,,,,,,,,,,,,,,,,,,,,,
,,,,,,,,,,,,,,,,,,,,,,,,,,,
,,,,,,,,,,,,,,,,,,,,,,,,,,,
,,,,,,,,,,,,,,,,,,,,,,,,,,,
,,,,,,,,,,,,,,,,,,,,,,,,,,,
,,,,,,,,,,,,,,,,,,,,,,,,,,,
,,,,,,,,,,,,,,,,,,,,,,,,,,,
,,,,,,,,,,,,,,,,,,,,,,,,,,,
,,,,,,,,,,,,,,,,,,,,,,,,,,,
,,,,,,,,,,,,,,,,,,,,,,,,,,,
,,,,,,,,,,,,,,,,,,,,,,,,,,,
,,,,,,,,,,,,,,,,,,,,,,,,,,,
,,,,,,,,,,,,,,,,,,,,,,,,,,,
,,,,,,,,,,,,,,,,,,,,,,,,,,,
,,,,,,,,,,,,,,,,,,,,,,,,,,,
,,,,,,,,,,,,,,,,,,,,,,,,,,,
,,,,,,,,,,,,,,,,,,,,,,,,,,,
,,,,,,,,,,,,,,,,,,,,,,,,,,,
,,,,,,,,,,,,,,,,,,,,,,,,,,,
,,,,,,,,,,,,,,,,,,,,,,,,,,,
,,,,,,,,,,,,,,,,,,,,,,,,,,,
,,,,,,,,,,,,,,,,,,,,,,,,,,,
,,,,,,,,,,,,,,,,,,,,,,,,,,,
,,,,,,,,,,,,,,,,,,,,,,,,,,,
,,,,,,,,,,,,,,,,,,,,,,,,,,,
,,,,,,,,,,,,,,,,,,,,,,,,,,,
,,,,,,,,,,,,,,,,,,,,,,,,,,,
,,,,,,,,,,,,,,,,,,,,,,,,,,,
,,,,,,,,,,,,,,,,,,,,,,,,,,,
,,,,,,,,,,,,,,,,,,,,,,,,,,,
,,,,,,,,,,,,,,,,,,,,,,,,,,,
,,,,,,,,,,,,,,,,,,,,,,,,,,,
,,,,,,,,,,,,,,,,,,,,,,,,,,,
,,,,,,,,,,,,,,,,,,,,,,,,,,,
,,,,,,,,,,,,,,,,,,,,,,,,,,,
,,,,,,,,,,,,,,,,,,,,,,,,,,,
,,,,,,,,,,,,,,,,,,,,,,,,,,,
,,,,,,,,,,,,,,,,,,,,,,,,,,,
,,,,,,,,,,,,,,,,,,,,,,,,,,,
,,,,,,,,,,,,,,,,,,,,,,,,,,,
,,,,,,,,,,,,,,,,,,,,,,,,,,,
,,,,,,,,,,,,,,,,,,,,,,,,,,,
,,,,,,,,,,,,,,,,,,,,,,,,,,,
,,,,,,,,,,,,,,,,,,,,,,,,,,,
,,,,,,,,,,,,,,,,,,,,,,,,,,,
,,,,,,,,,,,,,,,,,,,,,,,,,,,
,,,,,,,,,,,,,,,,,,,,,,,,,,,
,,,,,,,,,,,,,,,,,,,,,,,,,,,
,,,,,,,,,,,,,,,,,,,,,,,,,,,
,,,,,,,,,,,,,,,,,,,,,,,,,,,
,,,,,,,,,,,,,,,,,,,,,,,,,,,
,,,,,,,,,,,,,,,,,,,,,,,,,,,
,,,,,,,,,,,,,,,,,,,,,,,,,,,
,,,,,,,,,,,,,,,,,,,,,,,,,,,
,,,,,,,,,,,,,,,,,,,,,,,,,,,
,,,,,,,,,,,,,,,,,,,,,,,,,,,
,,,,,,,,,,,,,,,,,,,,,,,,,,,
,,,,,,,,,,,,,,,,,,,,,,,,,,,
,,,,,,,,,,,,,,,,,,,,,,,,,,,
,,,,,,,,,,,,,,,,,,,,,,,,,,,
,,,,,,,,,,,,,,,,,,,,,,,,,,,
,,,,,,,,,,,,,,,,,,,,,,,,,,,
,,,,,,,,,,,,,,,,,,,,,,,,,,,
,,,,,,,,,,,,,,,,,,,,,,,,,,,
,,,,,,,,,,,,,,,,,,,,,,,,,,,
,,,,,,,,,,,,,,,,,,,,,,,,,,,
,,,,,,,,,,,,,,,,,,,,,,,,,,,
,,,,,,,,,,,,,,,,,,,,,,,,,,,
,,,,,,,,,,,,,,,,,,,,,,,,,,,
,,,,,,,,,,,,,,,,,,,,,,,,,,,
,,,,,,,,,,,,,,,,,,,,,,,,,,,
,,,,,,,,,,,,,,,,,,,,,,,,,,,
,,,,,,,,,,,,,,,,,,,,,,,,,,,
,,,,,,,,,,,,,,,,,,,,,,,,,,,
,,,,,,,,,,,,,,,,,,,,,,,,,,,
,,,,,,,,,,,,,,,,,,,,,,,,,,,
,,,,,,,,,,,,,,,,,,,,,,,,,,,
,,,,,,,,,,,,,,,,,,,,,,,,,,,
,,,,,,,,,,,,,,,,,,,,,,,,,,,
,,,,,,,,,,,,,,,,,,,,,,,,,,,
,,,,,,,,,,,,,,,,,,,,,,,,,,,
,,,,,,,,,,,,,,,,,,,,,,,,,,,
,,,,,,,,,,,,,,,,,,,,,,,,,,,
,,,,,,,,,,,,,,,,,,,,,,,,,,,
,,,,,,,,,,,,,,,,,,,,,,,,,,,
,,,,,,,,,,,,,,,,,,,,,,,,,,,
,,,,,,,,,,,,,,,,,,,,,,,,,,,
,,,,,,,,,,,,,,,,,,,,,,,,,,,
,,,,,,,,,,,,,,,,,,,,,,,,,,,
,,,,,,,,,,,,,,,,,,,,,,,,,,,
,,,,,,,,,,,,,,,,,,,,,,,,,,,
,,,,,,,,,,,,,,,,,,,,,,,,,,,
,,,,,,,,,,,,,,,,,,,,,,,,,,,
,,,,,,,,,,,,,,,,,,,,,,,,,,,
,,,,,,,,,,,,,,,,,,,,,,,,,,,
,,,,,,,,,,,,,,,,,,,,,,,,,,,
,,,,,,,,,,,,,,,,,,,,,,,,,,,
,,,,,,,,,,,,,,,,,,,,,,,,,,,
,,,,,,,,,,,,,,,,,,,,,,,,,,,
,,,,,,,,,,,,,,,,,,,,,,,,,,,
,,,,,,,,,,,,,,,,,,,,,,,,,,,
,,,,,,,,,,,,,,,,,,,,,,,,,,,
,,,,,,,,,,,,,,,,,,,,,,,,,,,
,,,,,,,,,,,,,,,,,,,,,,,,,,,
,,,,,,,,,,,,,,,,,,,,,,,,,,,
,,,,,,,,,,,,,,,,,,,,,,,,,,,
,,,,,,,,,,,,,,,,,,,,,,,,,,,
,,,,,,,,,,,,,,,,,,,,,,,,,,,
,,,,,,,,,,,,,,,,,,,,,,,,,,,
,,,,,,,,,,,,,,,,,,,,,,,,,,,
,,,,,,,,,,,,,,,,,,,,,,,,,,,
,,,,,,,,,,,,,,,,,,,,,,,,,,,
,,,,,,,,,,,,,,,,,,,,,,,,,,,
,,,,,,,,,,,,,,,,,,,,,,,,,,,
,,,,,,,,,,,,,,,,,,,,,,,,,,,
,,,,,,,,,,,,,,,,,,,,,,,,,,,
,,,,,,,,,,,,,,,,,,,,,,,,,,,
,,,,,,,,,,,,,,,,,,,,,,,,,,,
,,,,,,,,,,,,,,,,,,,,,,,,,,,
,,,,,,,,,,,,,,,,,,,,,,,,,,,
,,,,,,,,,,,,,,,,,,,,,,,,,,,
,,,,,,,,,,,,,,,,,,,,,,,,,,,
,,,,,,,,,,,,,,,,,,,,,,,,,,,
,,,,,,,,,,,,,,,,,,,,,,,,,,,
,,,,,,,,,,,,,,,,,,,,,,,,,,,
,,,,,,,,,,,,,,,,,,,,,,,,,,,
,,,,,,,,,,,,,,,,,,,,,,,,,,,
,,,,,,,,,,,,,,,,,,,,,,,,,,,
,,,,,,,,,,,,,,,,,,,,,,,,,,,
,,,,,,,,,,,,,,,,,,,,,,,,,,,
,,,,,,,,,,,,,,,,,,,,,,,,,,,
,,,,,,,,,,,,,,,,,,,,,,,,,,,
,,,,,,,,,,,,,,,,,,,,,,,,,,,
,,,,,,,,,,,,,,,,,,,,,,,,,,,
,,,,,,,,,,,,,,,,,,,,,,,,,,,
,,,,,,,,,,,,,,,,,,,,,,,,,,,
,,,,,,,,,,,,,,,,,,,,,,,,,,,
,,,,,,,,,,,,,,,,,,,,,,,,,,,
,,,,,,,,,,,,,,,,,,,,,,,,,,,
,,,,,,,,,,,,,,,,,,,,,,,,,,,
,,,,,,,,,,,,,,,,,,,,,,,,,,,
,,,,,,,,,,,,,,,,,,,,,,,,,,,
,,,,,,,,,,,,,,,,,,,,,,,,,,,
,,,,,,,,,,,,,,,,,,,,,,,,,,,
,,,,,,,,,,,,,,,,,,,,,,,,,,,
,,,,,,,,,,,,,,,,,,,,,,,,,,,
,,,,,,,,,,,,,,,,,,,,,,,,,,,
,,,,,,,,,,,,,,,,,,,,,,,,,,,
,,,,,,,,,,,,,,,,,,,,,,,,,,,
,,,,,,,,,,,,,,,,,,,,,,,,,,,
,,,,,,,,,,,,,,,,,,,,,,,,,,,
,,,,,,,,,,,,,,,,,,,,,,,,,,,
,,,,,,,,,,,,,,,,,,,,,,,,,,,
,,,,,,,,,,,,,,,,,,,,,,,,,,,
,,,,,,,,,,,,,,,,,,,,,,,,,,,
,,,,,,,,,,,,,,,,,,,,,,,,,,,
,,,,,,,,,,,,,,,,,,,,,,,,,,,
,,,,,,,,,,,,,,,,,,,,,,,,,,,
,,,,,,,,,,,,,,,,,,,,,,,,,,,
,,,,,,,,,,,,,,,,,,,,,,,,,,,
,,,,,,,,,,,,,,,,,,,,,,,,,,,
,,,,,,,,,,,,,,,,,,,,,,,,,,,
,,,,,,,,,,,,,,,,,,,,,,,,,,,
,,,,,,,,,,,,,,,,,,,,,,,,,,,
,,,,,,,,,,,,,,,,,,,,,,,,,,,
,,,,,,,,,,,,,,,,,,,,,,,,,,,
,,,,,,,,,,,,,,,,,,,,,,,,,,,
,,,,,,,,,,,,,,,,,,,,,,,,,,,
,,,,,,,,,,,,,,,,,,,,,,,,,,,
,,,,,,,,,,,,,,,,,,,,,,,,,,,
,,,,,,,,,,,,,,,,,,,,,,,,,,,
,,,,,,,,,,,,,,,,,,,,,,,,,,,
,,,,,,,,,,,,,,,,,,,,,,,,,,,
,,,,,,,,,,,,,,,,,,,,,,,,,,,
,,,,,,,,,,,,,,,,,,,,,,,,,,,
,,,,,,,,,,,,,,,,,,,,,,,,,,,
,,,,,,,,,,,,,,,,,,,,,,,,,,,
,,,,,,,,,,,,,,,,,,,,,,,,,,,
,,,,,,,,,,,,,,,,,,,,,,,,,,,
,,,,,,,,,,,,,,,,,,,,,,,,,,,
,,,,,,,,,,,,,,,,,,,,,,,,,,,
,,,,,,,,,,,,,,,,,,,,,,,,,,,
,,,,,,,,,,,,,,,,,,,,,,,,,,,
,,,,,,,,,,,,,,,,,,,,,,,,,,,
,,,,,,,,,,,,,,,,,,,,,,,,,,,
,,,,,,,,,,,,,,,,,,,,,,,,,,,
,,,,,,,,,,,,,,,,,,,,,,,,,,,
,,,,,,,,,,,,,,,,,,,,,,,,,,,
,,,,,,,,,,,,,,,,,,,,,,,,,,,
,,,,,,,,,,,,,,,,,,,,,,,,,,,
,,,,,,,,,,,,,,,,,,,,,,,,,,,
,,,,,,,,,,,,,,,,,,,,,,,,,,,
,,,,,,,,,,,,,,,,,,,,,,,,,,,
,,,,,,,,,,,,,,,,,,,,,,,,,,,
,,,,,,,,,,,,,,,,,,,,,,,,,,,
,,,,,,,,,,,,,,,,,,,,,,,,,,,
,,,,,,,,,,,,,,,,,,,,,,,,,,,
,,,,,,,,,,,,,,,,,,,,,,,,,,,
,,,,,,,,,,,,,,,,,,,,,,,,,,,
,,,,,,,,,,,,,,,,,,,,,,,,,,,
,,,,,,,,,,,,,,,,,,,,,,,,,,,
,,,,,,,,,,,,,,,,,,,,,,,,,,,
,,,,,,,,,,,,,,,,,,,,,,,,,,,
,,,,,,,,,,,,,,,,,,,,,,,,,,,
,,,,,,,,,,,,,,,,,,,,,,,,,,,
,,,,,,,,,,,,,,,,,,,,,,,,,,,
,,,,,,,,,,,,,,,,,,,,,,,,,,,
,,,,,,,,,,,,,,,,,,,,,,,,,,,
,,,,,,,,,,,,,,,,,,,,,,,,,,,
,,,,,,,,,,,,,,,,,,,,,,,,,,,
,,,,,,,,,,,,,,,,,,,,,,,,,,,
,,,,,,,,,,,,,,,,,,,,,,,,,,,
,,,,,,,,,,,,,,,,,,,,,,,,,,,
,,,,,,,,,,,,,,,,,,,,,,,,,,,
,,,,,,,,,,,,,,,,,,,,,,,,,,,
,,,,,,,,,,,,,,,,,,,,,,,,,,,
,,,,,,,,,,,,,,,,,,,,,,,,,,,
,,,,,,,,,,,,,,,,,,,,,,,,,,,
,,,,,,,,,,,,,,,,,,,,,,,,,,,
,,,,,,,,,,,,,,,,,,,,,,,,,,,
,,,,,,,,,,,,,,,,,,,,,,,,,,,
,,,,,,,,,,,,,,,,,,,,,,,,,,,
,,,,,,,,,,,,,,,,,,,,,,,,,,,
,,,,,,,,,,,,,,,,,,,,,,,,,,,
,,,,,,,,,,,,,,,,,,,,,,,,,,,
,,,,,,,,,,,,,,,,,,,,,,,,,,,
,,,,,,,,,,,,,,,,,,,,,,,,,,,
,,,,,,,,,,,,,,,,,,,,,,,,,,,
,,,,,,,,,,,,,,,,,,,,,,,,,,,
,,,,,,,,,,,,,,,,,,,,,,,,,,,
,,,,,,,,,,,,,,,,,,,,,,,,,,,
,,,,,,,,,,,,,,,,,,,,,,,,,,,
,,,,,,,,,,,,,,,,,,,,,,,,,,,
,,,,,,,,,,,,,,,,,,,,,,,,,,,
,,,,,,,,,,,,,,,,,,,,,,,,,,,
,,,,,,,,,,,,,,,,,,,,,,,,,,,
,,,,,,,,,,,,,,,,,,,,,,,,,,,
,,,,,,,,,,,,,,,,,,,,,,,,,,,
,,,,,,,,,,,,,,,,,,,,,,,,,,,
,,,,,,,,,,,,,,,,,,,,,,,,,,,
,,,,,,,,,,,,,,,,,,,,,,,,,,,
,,,,,,,,,,,,,,,,,,,,,,,,,,,
,,,,,,,,,,,,,,,,,,,,,,,,,,,
,,,,,,,,,,,,,,,,,,,,,,,,,,,
,,,,,,,,,,,,,,,,,,,,,,,,,,,
,,,,,,,,,,,,,,,,,,,,,,,,,,,
,,,,,,,,,,,,,,,,,,,,,,,,,,,
,,,,,,,,,,,,,,,,,,,,,,,,,,,
,,,,,,,,,,,,,,,,,,,,,,,,,,,
,,,,,,,,,,,,,,,,,,,,,,,,,,,
,,,,,,,,,,,,,,,,,,,,,,,,,,,
,,,,,,,,,,,,,,,,,,,,,,,,,,,
,,,,,,,,,,,,,,,,,,,,,,,,,,,
,,,,,,,,,,,,,,,,,,,,,,,,,,,
,,,,,,,,,,,,,,,,,,,,,,,,,,,
,,,,,,,,,,,,,,,,,,,,,,,,,,,
,,,,,,,,,,,,,,,,,,,,,,,,,,,
,,,,,,,,,,,,,,,,,,,,,,,,,,,
,,,,,,,,,,,,,,,,,,,,,,,,,,,
,,,,,,,,,,,,,,,,,,,,,,,,,,,
,,,,,,,,,,,,,,,,,,,,,,,,,,,
,,,,,,,,,,,,,,,,,,,,,,,,,,,
,,,,,,,,,,,,,,,,,,,,,,,,,,,
,,,,,,,,,,,,,,,,,,,,,,,,,,,
,,,,,,,,,,,,,,,,,,,,,,,,,,,
,,,,,,,,,,,,,,,,,,,,,,,,,,,
,,,,,,,,,,,,,,,,,,,,,,,,,,,
,,,,,,,,,,,,,,,,,,,,,,,,,,,
,,,,,,,,,,,,,,,,,,,,,,,,,,,
,,,,,,,,,,,,,,,,,,,,,,,,,,,
,,,,,,,,,,,,,,,,,,,,,,,,,,,
,,,,,,,,,,,,,,,,,,,,,,,,,,,
,,,,,,,,,,,,,,,,,,,,,,,,,,,
,,,,,,,,,,,,,,,,,,,,,,,,,,,
,,,,,,,,,,,,,,,,,,,,,,,,,,,
,,,,,,,,,,,,,,,,,,,,,,,,,,,
,,,,,,,,,,,,,,,,,,,,,,,,,,,
,,,,,,,,,,,,,,,,,,,,,,,,,,,
